<?xml version="1.0" encoding="UTF-8"?>
<beans xmlns="http://www.springframework.org/schema/beans"
       xmlns:xsi="http://www.w3.org/2001/XMLSchema-instance"
       xsi:schemaLocation="http://www.springframework.org/schema/beans http://www.springframework.org/schema/beans/spring-beans.xsd
                           http://www.springframework.org/schema/context http://www.springframework.org/schema/context/spring-context.xsd
                           http://www.springframework.org/schema/aop http://www.springframework.org/schema/aop/spring-aop.xsd"
       xmlns:aop="http://www.springframework.org/schema/aop"
       xmlns:context="http://www.springframework.org/schema/context">

    <!-- Bean definitions for the library management application -->

    <!-- BookRepository Bean -->
    <bean id="bookRepository" class="com.library.repository.BookRepository">
    </bean>

    <!-- BookService Bean -->
    <bean id="bookService" class="com.library.service.BookService">
        <property name="bookRepository" ref="bookRepository"/>
    </bean>

    <!-- Enable AspectJ support -->
    <aop:aspectj-autoproxy/>

    <!-- Register LoggingAspect -->
    <bean id="loggingAspect" class="com.library.aspect.LoggingAspect"/>
    
    <!-- Component scanning for @Component annotation -->
    <context:component-scan base-package="com.library"/>

</beans>
